program_id,program_name,program_link
"New York, NY",NYU Grossman School of Medicine Program,"https://freida.ama-assn.org/program/New York, NY"
"Boston, MA",Mass General Brigham/Massachusetts General Hospital Program,"https://freida.ama-assn.org/program/Boston, MA"
"New York, NY",Icahn School of Medicine at Mount Sinai/Morningside/West Program,"https://freida.ama-assn.org/program/New York, NY"
"Boston, MA",Mass General Brigham/Brigham and Women's Hospital Program,"https://freida.ama-assn.org/program/Boston, MA"
"Philadelphia, PA",University of Pennsylvania Health System Program,"https://freida.ama-assn.org/program/Philadelphia, PA"
"Rochester, MN",Mayo Clinic College of Medicine and Science (Rochester) Program,"https://freida.ama-assn.org/program/Rochester, MN"
"Seattle, WA",University of Washington Program,"https://freida.ama-assn.org/program/Seattle, WA"
"Dallas, TX",University of Texas Southwestern Medical Center Program,"https://freida.ama-assn.org/program/Dallas, TX"
"New Haven, CT",Yale-New Haven Medical Center Program,"https://freida.ama-assn.org/program/New Haven, CT"
"Atlanta, GA",Emory University School of Medicine Program,"https://freida.ama-assn.org/program/Atlanta, GA"
"Houston, TX",Baylor College of Medicine Program,"https://freida.ama-assn.org/program/Houston, TX"
"Boston, MA",Beth Israel Deaconess Medical Center Program,"https://freida.ama-assn.org/program/Boston, MA"
"San Francisco, CA",University of California (San Francisco) Program,"https://freida.ama-assn.org/program/San Francisco, CA"
"Ann Arbor, MI",University of Michigan Program,"https://freida.ama-assn.org/program/Ann Arbor, MI"
"St Louis, MO",Washington University/B-JH/SLCH Consortium Program,"https://freida.ama-assn.org/program/St Louis, MO"
"Baltimore, MD",University of Maryland Program,"https://freida.ama-assn.org/program/Baltimore, MD"
"Baltimore, MD",MedStar Health Georgetown University (Baltimore) Program,"https://freida.ama-assn.org/program/Baltimore, MD"
"Los Angeles, CA",UCLA David Geffen School of Medicine/UCLA Medical Center Program,"https://freida.ama-assn.org/program/Los Angeles, CA"
"Salt Lake City, UT",University of Utah Health Program,"https://freida.ama-assn.org/program/Salt Lake City, UT"
"Aurora, CO",University of Colorado Program,"https://freida.ama-assn.org/program/Aurora, CO"
"Staten Island, NY",Zucker School of Medicine at Hofstra/Northwell at Staten Island University Hospital Program,"https://freida.ama-assn.org/program/Staten Island, NY"
"Durham, NC",Duke University Hospital Program,"https://freida.ama-assn.org/program/Durham, NC"
"New York, NY",Icahn School of Medicine at Mount Sinai/Beth Israel Program,"https://freida.ama-assn.org/program/New York, NY"
"New York, NY",Icahn School of Medicine at Mount Sinai/Mount Sinai Hospital Program,"https://freida.ama-assn.org/program/New York, NY"
"Cleveland, OH",Cleveland Clinic Foundation Program,"https://freida.ama-assn.org/program/Cleveland, OH"
"Brooklyn, NY",One Brooklyn Health System/Brookdale University Hospital and Medical Center Program,"https://freida.ama-assn.org/program/Brooklyn, NY"
"Brooklyn, NY",SUNY Downstate Health Sciences University Program,"https://freida.ama-assn.org/program/Brooklyn, NY"
"Syracuse, NY",SUNY Upstate Medical University Program,"https://freida.ama-assn.org/program/Syracuse, NY"
"Los Angeles, CA",University of Southern California/Los Angeles General Medical Center (USC/LA General) Program,"https://freida.ama-assn.org/program/Los Angeles, CA"
"Houston, TX",University of Texas Health Science Center at Houston Program,"https://freida.ama-assn.org/program/Houston, TX"
"New Hyde Park, NY",Zucker School of Medicine at Hofstra/Northwell Program,"https://freida.ama-assn.org/program/New Hyde Park, NY"
"Bronx, NY",Montefiore Medical Center/Albert Einstein College of Medicine (Moses and Weiler Campuses) Program,"https://freida.ama-assn.org/program/Bronx, NY"
"Columbus, OH",Ohio State University Hospital Program,"https://freida.ama-assn.org/program/Columbus, OH"
"Worcester, MA",UMass Chan Medical School Program,"https://freida.ama-assn.org/program/Worcester, MA"
"Nashville, TN",Vanderbilt University Medical Center Program,"https://freida.ama-assn.org/program/Nashville, TN"
"Richmond, VA",Virginia Commonwealth University Health System Program,"https://freida.ama-assn.org/program/Richmond, VA"
"Providence, RI",Rhode Island Hospital/Brown University Health Program,"https://freida.ama-assn.org/program/Providence, RI"
"Philadelphia, PA",Temple University Hospital Program,"https://freida.ama-assn.org/program/Philadelphia, PA"
"Orange, CA",University of California (Irvine) Program,"https://freida.ama-assn.org/program/Orange, CA"
"Pittsburgh, PA",UPMC Medical Education Program,"https://freida.ama-assn.org/program/Pittsburgh, PA"
"Miami, FL",University of Miami/Jackson Health System Program,"https://freida.ama-assn.org/program/Miami, FL"
"Boston, MA",Boston University Medical Center Program,"https://freida.ama-assn.org/program/Boston, MA"
"Tampa, FL",University of South Florida Morsani Program,"https://freida.ama-assn.org/program/Tampa, FL"
"Philadelphia, PA",Jefferson Health Medical Education/Jefferson Einstein Philadelphia Hospital Program,"https://freida.ama-assn.org/program/Philadelphia, PA"
"Loma LInda, CA",Loma Linda University Health Education Consortium Program,"https://freida.ama-assn.org/program/Loma LInda, CA"
"Chicago, IL",McGaw Medical Center of Northwestern University Program,"https://freida.ama-assn.org/program/Chicago, IL"
"Bronx, NY",Lincoln Medical and Mental Health Center Program,"https://freida.ama-assn.org/program/Bronx, NY"
"Farmington, CT",University of Connecticut Program,"https://freida.ama-assn.org/program/Farmington, CT"
"Baltimore, MD",Johns Hopkins University Program,"https://freida.ama-assn.org/program/Baltimore, MD"
"Newark, NJ",Rutgers Health/New Jersey Medical School Program,"https://freida.ama-assn.org/program/Newark, NJ"
"Gainesville, FL",University of Florida Program,"https://freida.ama-assn.org/program/Gainesville, FL"
"Chicago, IL",University of Illinois College of Medicine at Chicago Program,"https://freida.ama-assn.org/program/Chicago, IL"
"Chicago, IL",Cook County Health and Hospitals System Program,"https://freida.ama-assn.org/program/Chicago, IL"
"New York, NY",New York Presbyterian Hospital (Columbia Campus) Program,"https://freida.ama-assn.org/program/New York, NY"
"New York, NY",New York Presbyterian Hospital (Cornell Campus) Program,"https://freida.ama-assn.org/program/New York, NY"
"Albuqerque, NM",University of New Mexico School of Medicine Program,"https://freida.ama-assn.org/program/Albuqerque, NM"
"San Antonio, TX",University of Texas Health Science Center San Antonio Joe and Teresa Lozano Long School of Medicine Program,"https://freida.ama-assn.org/program/San Antonio, TX"
"Cleveland, OH",Case Western Reserve University/University Hospitals Cleveland Medical Center Program,"https://freida.ama-assn.org/program/Cleveland, OH"
"Washington, DC",George Washington University Program,"https://freida.ama-assn.org/program/Washington, DC"
"Washington, DC",MedStar Health/Georgetown-Washington Hospital Center Program,"https://freida.ama-assn.org/program/Washington, DC"
"Brooklyn, NY",New York-Presbyterian Brooklyn Methodist Hospital Program,"https://freida.ama-assn.org/program/Brooklyn, NY"
"New Orleans, LA",Tulane University Program,"https://freida.ama-assn.org/program/New Orleans, LA"
"Tucson, AZ",University of Arizona College of Medicine-Tucson Program,"https://freida.ama-assn.org/program/Tucson, AZ"
"San Diego, CA",University of California (San Diego) Medical Center Program,"https://freida.ama-assn.org/program/San Diego, CA"
"Madison, WI",University of Wisconsin Hospitals and Clinics Program,"https://freida.ama-assn.org/program/Madison, WI"
"New York, NY",Zucker School of Medicine at Hofstra/Northwell at Lenox Hill Hospital Program,"https://freida.ama-assn.org/program/New York, NY"
"Pittsburgh, PA",Allegheny Health Network Medical Education Consortium (AGH) Program,"https://freida.ama-assn.org/program/Pittsburgh, PA"
"Andover, KS",New York Medical College/St Mary and St Clare Program,"https://freida.ama-assn.org/program/Andover, KS"
"East Meadow, NY",Nassau University Medical Center Program,"https://freida.ama-assn.org/program/East Meadow, NY"
"Chicago, IL",University of Chicago Program,"https://freida.ama-assn.org/program/Chicago, IL"
"Cincinnati, OH",University of Cincinnati Medical Center/College of Medicine Program,"https://freida.ama-assn.org/program/Cincinnati, OH"
"Louisville, KY",University of Louisville School of Medicine Program,"https://freida.ama-assn.org/program/Louisville, KY"
"Tampa, FL",BayCare Health System Program,"https://freida.ama-assn.org/program/Tampa, FL"
"Detroit, MI",Detroit Medical Center/Wayne State University Program,"https://freida.ama-assn.org/program/Detroit, MI"
"Elmhurst, NY",Icahn School of Medicine at Mount Sinai/NYC Health and Hospitals (Elmhurst) Program,"https://freida.ama-assn.org/program/Elmhurst, NY"
"Birmingham, AL",University of Alabama Medical Center Program,"https://freida.ama-assn.org/program/Birmingham, AL"
"Chapel Hill, NC",University of North Carolina Hospitals Program,"https://freida.ama-assn.org/program/Chapel Hill, NC"
"Galveston, TX",University of Texas Medical Branch Hospitals Program,"https://freida.ama-assn.org/program/Galveston, TX"
"Los Angeles, CA",Cedars-Sinai Medical Center Program,"https://freida.ama-assn.org/program/Los Angeles, CA"
"Shreveport, LA",Louisiana State University (Shreveport) Program,"https://freida.ama-assn.org/program/Shreveport, LA"
"Milwaukee, WI",Medical College of Wisconsin Affiliated Hospitals Program,"https://freida.ama-assn.org/program/Milwaukee, WI"
"Mineola, NY",NYU Grossman Long Island School of Medicine Program,"https://freida.ama-assn.org/program/Mineola, NY"
"Evanston, IL",University of Chicago (Endeavor Health NorthShore Hospitals) Program,"https://freida.ama-assn.org/program/Evanston, IL"
"Temple, TX",Baylor Scott & White Medical Center - Baylor College of Medicine (Temple) Program,"https://freida.ama-assn.org/program/Temple, TX"
"Detroit, MI",Henry Ford Health/Henry Ford Hospital Program,"https://freida.ama-assn.org/program/Detroit, MI"
"Philadelphia, PA",Sidney Kimmel Medical College at Thomas Jefferson University/TJUH Program,"https://freida.ama-assn.org/program/Philadelphia, PA"
"Kansas City, KS",University of Kansas School of Medicine Program,"https://freida.ama-assn.org/program/Kansas City, KS"
"Winston-Salem, NC",Wake Forest University Baptist Medical Center Program,"https://freida.ama-assn.org/program/Winston-Salem, NC"
"Washington, DC",Howard University Program,"https://freida.ama-assn.org/program/Washington, DC"
"Brooklyn, NY",Maimonides Medical Center Program,"https://freida.ama-assn.org/program/Brooklyn, NY"
"Sylmar, CA",Olive View/UCLA Medical Center Program,"https://freida.ama-assn.org/program/Sylmar, CA"
"Portland, OR",Oregon Health & Science University (OHSU Health) Program,"https://freida.ama-assn.org/program/Portland, OR"
"Charlottesville, VA",University of Virginia Medical Center Program,"https://freida.ama-assn.org/program/Charlottesville, VA"
"Scranton, PA",Wright Center for Graduate Medical Education Program A,"https://freida.ama-assn.org/program/Scranton, PA"
"Indianapolis, IN",Indiana University School of Medicine Program,"https://freida.ama-assn.org/program/Indianapolis, IN"
"Mobile, AL",Mobile Infirmary Medical Center Program,"https://freida.ama-assn.org/program/Mobile, AL"
"Memphis, TN",University of Tennessee Program,"https://freida.ama-assn.org/program/Memphis, TN"
"Bronx, NY",BronxCare Health System Program,"https://freida.ama-assn.org/program/Bronx, NY"
"Bronx, NY",Jacobi Medical Center/Albert Einstein College of Medicine Program,"https://freida.ama-assn.org/program/Bronx, NY"
"Maywood, IL",Loyola University Medical Center Program,"https://freida.ama-assn.org/program/Maywood, IL"
"Chicago, IL",Rush University Medical Center Program,"https://freida.ama-assn.org/program/Chicago, IL"
"Buffalo, NY",University at Buffalo Program,"https://freida.ama-assn.org/program/Buffalo, NY"
"Phoenix, AZ",Creighton University School of Medicine Program,"https://freida.ama-assn.org/program/Phoenix, AZ"
"St Louis, MO",SSM Health/Saint Louis University School of Medicine Program,"https://freida.ama-assn.org/program/St Louis, MO"
"Stony Brook, NY",Stony Brook Medicine/University Hospital Program,"https://freida.ama-assn.org/program/Stony Brook, NY"
"Phoenix, AZ",University of Arizona College of Medicine-Phoenix Program,"https://freida.ama-assn.org/program/Phoenix, AZ"
"Brooklyn, NY",Brooklyn Hospital Center Program,"https://freida.ama-assn.org/program/Brooklyn, NY"
"Wynnewood, PA",Main Line Health System/Lankenau Medical Center Program,"https://freida.ama-assn.org/program/Wynnewood, PA"
"Huntington, WV",Marshall University School of Medicine Program,"https://freida.ama-assn.org/program/Huntington, WV"
"Atlanta, GA",Morehouse School of Medicine Program,"https://freida.ama-assn.org/program/Atlanta, GA"
"Sacramento, CA",University of California Davis Health Program,"https://freida.ama-assn.org/program/Sacramento, CA"
"Iowa City, IA",University of Iowa Hospitals and Clinics Program,"https://freida.ama-assn.org/program/Iowa City, IA"
"Omaha, NE",University of Nebraska Medical Center College of Medicine Program,"https://freida.ama-assn.org/program/Omaha, NE"
"Jamaica, NY",Icahn School of Medicine at Mount Sinai/NYC Health and Hospitals (Queens) Program,"https://freida.ama-assn.org/program/Jamaica, NY"
"Bronx, NY",Montefiore Medical Center/Albert Einstein College of Medicine (Wakefield Campus) Program,"https://freida.ama-assn.org/program/Bronx, NY"
"Staten Island, NY",Richmond University Medical Center Program,"https://freida.ama-assn.org/program/Staten Island, NY"
"Bronx, NY",St Barnabas Hospital Program,"https://freida.ama-assn.org/program/Bronx, NY"
"Cleveland, OH",The MetroHealth System/Case Western Reserve University Program,"https://freida.ama-assn.org/program/Cleveland, OH"
"Lexington, KY",University of Kentucky College of Medicine Program,"https://freida.ama-assn.org/program/Lexington, KY"
"Minneapolis, MN",University of Minnesota Program,"https://freida.ama-assn.org/program/Minneapolis, MN"
"Oakland, CA",Alameda Health System-Highland Hospital Program,"https://freida.ama-assn.org/program/Oakland, CA"
"Miami, FL",Florida International University/Baptist Health Program,"https://freida.ama-assn.org/program/Miami, FL"
"Arlington, TX",HCA Medical City Healthcare UNT-TCU GME (Arlington) Program,"https://freida.ama-assn.org/program/Arlington, TX"
"Richmond Hill, NY",Jamaica Hospital Medical Center Program,"https://freida.ama-assn.org/program/Richmond Hill, NY"
"Augusta, GA",Medical College of Georgia Program,"https://freida.ama-assn.org/program/Augusta, GA"
"Brooklyn, NY",One Brooklyn Health System/Interfaith Medical Center Program,"https://freida.ama-assn.org/program/Brooklyn, NY"
"San Francisco, CA",Sutter Health/California Pacific Medical Center Program,"https://freida.ama-assn.org/program/San Francisco, CA"
"Rochester, NY",University of Rochester Medical Center Program,"https://freida.ama-assn.org/program/Rochester, NY"
"Torrance, CA",Los Angeles County-Harbor-UCLA Medical Center Program,"https://freida.ama-assn.org/program/Torrance, CA"
"Charleston, SC",Medical University of South Carolina Program,"https://freida.ama-assn.org/program/Charleston, SC"
"Washington, DC",MedStar Health/Georgetown University Hospital Program,"https://freida.ama-assn.org/program/Washington, DC"
"Boston, MA",Tufts Medical Center Program,"https://freida.ama-assn.org/program/Boston, MA"
"Camden, NJ",Cooper Medical School of Rowan University/Cooper University Hospital Program,"https://freida.ama-assn.org/program/Camden, NJ"
"New York, NY",Harlem Hospital Center Program,"https://freida.ama-assn.org/program/New York, NY"
"Brooksville, FL",HCA Florida Healthcare/USF Morsani College of Medicine GME - Tampa North/Oak Hill Hospital Program,"https://freida.ama-assn.org/program/Brooksville, FL"
"Las Vegas, NV",Kirk Kerkorian School of Medicine at UNLV Program,"https://freida.ama-assn.org/program/Las Vegas, NV"
"New Orleans, LA",Ochsner Clinic Foundation Program,"https://freida.ama-assn.org/program/New Orleans, LA"
"Hershey, PA",Penn State Milton S Hershey Medical Center Program,"https://freida.ama-assn.org/program/Hershey, PA"
"Philadelphia, PA",Pennsylvania Hospital of the University of Pennsylvania Health System Program,"https://freida.ama-assn.org/program/Philadelphia, PA"
"Columbia, MO",University of Missouri-Columbia Program,"https://freida.ama-assn.org/program/Columbia, MO"
"Kansas City, MO",University of Missouri-Kansas City School of Medicine Program,"https://freida.ama-assn.org/program/Kansas City, MO"
"Reno, NV",University of Nevada Reno School of Medicine Program,"https://freida.ama-assn.org/program/Reno, NV"
"Dayton, OH",Wright State University Program,"https://freida.ama-assn.org/program/Dayton, OH"
"Park Ridge, IL",Advocate Health Care/Advocate Lutheran General Hospital Program,"https://freida.ama-assn.org/program/Park Ridge, IL"
"Bradenton, FL",HCA Florida Healthcare/USF Morsani College of Medicine GME - Tampa South Program,"https://freida.ama-assn.org/program/Bradenton, FL"
"Darby, PA",Mercy Catholic Medical Center Program,"https://freida.ama-assn.org/program/Darby, PA"
"New York, NY",New York Medical College (Metropolitan) Program,"https://freida.ama-assn.org/program/New York, NY"
"Springfield, IL",Southern Illinois University Program,"https://freida.ama-assn.org/program/Springfield, IL"
"San Juan, PR",VA Caribbean Healthcare System Program,"https://freida.ama-assn.org/program/San Juan, PR"
"Morristown, NJ",Atlantic Health System/Morristown Medical Center Program,"https://freida.ama-assn.org/program/Morristown, NJ"
"Roanoke, VA",Carilion Clinic-Virginia Tech Carilion School of Medicine Program,"https://freida.ama-assn.org/program/Roanoke, VA"
"Omaha, NE",Creighton University School of Medicine (Omaha) Program,"https://freida.ama-assn.org/program/Omaha, NE"
"Flushing, NY",Flushing Hospital Medical Center Program,"https://freida.ama-assn.org/program/Flushing, NY"
"Brooklyn, NY",NYC Health & Hospitals/South Brooklyn Health Program,"https://freida.ama-assn.org/program/Brooklyn, NY"
"Temecula, CA",Southwest Healthcare Medical Education Consortium Program,"https://freida.ama-assn.org/program/Temecula, CA"
"Worcester, MA",St Vincent Hospital Program,"https://freida.ama-assn.org/program/Worcester, MA"
"Modesto, CA",Sutter Health/Memorial Medical Center Program,"https://freida.ama-assn.org/program/Modesto, CA"
"Jackson, MS",University of Mississippi Medical Center Program,"https://freida.ama-assn.org/program/Jackson, MS"
"Austin, TX",University of Texas at Austin Dell Medical School Program,"https://freida.ama-assn.org/program/Austin, TX"
"Oak Lawn, IL",Advocate Health Care/Advocate Christ Medical Center Program,"https://freida.ama-assn.org/program/Oak Lawn, IL"
"Lebanon, NH",Dartmouth-Hitchcock/Mary Hitchcock Memorial Hospital Program,"https://freida.ama-assn.org/program/Lebanon, NH"
"Kingwood, TX",HCA Houston Healthcare/University of Houston (Kingwood) Program,"https://freida.ama-assn.org/program/Kingwood, TX"
"Webster, TX",HCA Houston Healthcare/University of Houston Program,"https://freida.ama-assn.org/program/Webster, TX"
"Grosse Pointe Woods, MI",Henry Ford St. John Hospital Program,"https://freida.ama-assn.org/program/Grosse Pointe Woods, MI"
"Poughkeepsie, NY",Nuvance Health Consortium (Vassar Brothers Medical Center) Program,"https://freida.ama-assn.org/program/Poughkeepsie, NY"
"Norfolk, VA",Old Dominion University Program,"https://freida.ama-assn.org/program/Norfolk, VA"
"Athens, GA",Piedmont Athens Regional Program,"https://freida.ama-assn.org/program/Athens, GA"
"Baltimore, MD",Sinai Hospital of Baltimore Program,"https://freida.ama-assn.org/program/Baltimore, MD"
"San Bernardino, CA",University of California Riverside School of Medicine/St Bernardine Medical Center-Dignity Health Program,"https://freida.ama-assn.org/program/San Bernardino, CA"
"Orlando, FL",University of Central Florida/HCA Florida Healthcare (Greater Orlando/Osceola) Program,"https://freida.ama-assn.org/program/Orlando, FL"
"Morgantown, WV",West Virginia University Program,"https://freida.ama-assn.org/program/Morgantown, WV"
"Brooklyn, NY",Wyckoff Heights Medical Center Program,"https://freida.ama-assn.org/program/Brooklyn, NY"
"Chicago, IL",Advocate Health Care/Advocate Illinois Masonic Medical Center Program,"https://freida.ama-assn.org/program/Chicago, IL"
"Albany, NY",Albany Medical Center Program,"https://freida.ama-assn.org/program/Albany, NY"
"Charlotte, NC",Carolinas Medical Center Program,"https://freida.ama-assn.org/program/Charlotte, NC"
"Royal Oak, MI",Corewell Health William Beaumont University Hospital Program,"https://freida.ama-assn.org/program/Royal Oak, MI"
"Detroit, MI",Detroit Medical Center/Wayne State University (Sinai Grace) Program,"https://freida.ama-assn.org/program/Detroit, MI"
"Boca Raton, FL",Florida Atlantic University Charles E Schmidt College of Medicine Program,"https://freida.ama-assn.org/program/Boca Raton, FL"
"Flushing, NY",New York-Presbyterian/Queens Program,"https://freida.ama-assn.org/program/Flushing, NY"
"Tupelo, MS",North Mississippi Medical Center Program,"https://freida.ama-assn.org/program/Tupelo, MS"
"Gainesville, GA",Northeast Georgia Medical Center Program,"https://freida.ama-assn.org/program/Gainesville, GA"
"Rochester, NY",Rochester General Hospital Program,"https://freida.ama-assn.org/program/Rochester, NY"
"New Brunswick, NJ",Rutgers Health/Robert Wood Johnson Medical School Program,"https://freida.ama-assn.org/program/New Brunswick, NJ"
"San Jose, CA",Santa Clara Valley Medical Center Program,"https://freida.ama-assn.org/program/San Jose, CA"
"Brighton, MA",St Elizabeth's Medical Center Program,"https://freida.ama-assn.org/program/Brighton, MA"
"Little Rock, AR",University of Arkansas for Medical Sciences (UAMS) College of Medicine Program,"https://freida.ama-assn.org/program/Little Rock, AR"
"Fresno, CA",University of California (San Francisco)/Fresno Program,"https://freida.ama-assn.org/program/Fresno, CA"
"Chicago, IL",Ascension Illinois/Saint Joseph (Chicago) Program,"https://freida.ama-assn.org/program/Chicago, IL"
"Neptune, NJ",Jersey Shore University Medical Center Program,"https://freida.ama-assn.org/program/Neptune, NJ"
"New Orleans, LA",Louisiana State University School of Medicine Program,"https://freida.ama-assn.org/program/New Orleans, LA"
"Mobile, AL",USA Health Program,"https://freida.ama-assn.org/program/Mobile, AL"
"Brooklyn, NY",Woodhull Medical and Mental Health Center Program,"https://freida.ama-assn.org/program/Brooklyn, NY"
"Evanston, IL",Ascension Illinois/Saint Francis Program,"https://freida.ama-assn.org/program/Evanston, IL"
"Bridgeport, CT",Bridgeport Hospital/Yale University Program,"https://freida.ama-assn.org/program/Bridgeport, CT"
"Greenville, NC",ECU Health Medical Center/East Carolina University Program,"https://freida.ama-assn.org/program/Greenville, NC"
"Riverside, CA",HCA Healthcare Riverside Program,"https://freida.ama-assn.org/program/Riverside, CA"
"Minneapolis, MN",Hennepin Healthcare Program,"https://freida.ama-assn.org/program/Minneapolis, MN"
"Houston, TX",Houston Methodist Hospital (Medical Center) Program,"https://freida.ama-assn.org/program/Houston, TX"
"Cincinnati, OH",Jewish Hospital of Cincinnati Program,"https://freida.ama-assn.org/program/Cincinnati, OH"
"Baltimore, MD",Johns Hopkins University/Bayview Medical Center Program,"https://freida.ama-assn.org/program/Baltimore, MD"
"Cambridge, MA",Mount Auburn Hospital Program,"https://freida.ama-assn.org/program/Cambridge, MA"
"Newark, NJ",New York Medical College at St Michael's Medical Center Program,"https://freida.ama-assn.org/program/Newark, NJ"
"Columbus, OH",OhioHealth/Riverside Methodist Hospital Program,"https://freida.ama-assn.org/program/Columbus, OH"
"Akron, OH",Summa Health System/NEOMED Program,"https://freida.ama-assn.org/program/Akron, OH"
"Bayamon, PR",Universidad Central del Caribe Program,"https://freida.ama-assn.org/program/Bayamon, PR"
"Jacksonville, FL",University of Florida College of Medicine Jacksonville Program,"https://freida.ama-assn.org/program/Jacksonville, FL"
"Oklahoma City, OK",University of Oklahoma Health Sciences Center Program,"https://freida.ama-assn.org/program/Oklahoma City, OK"
"Toledo, OH",University of Toledo Program,"https://freida.ama-assn.org/program/Toledo, OH"
"Weston, FL",Cleveland Clinic Foundation/Florida Weston Program,"https://freida.ama-assn.org/program/Weston, FL"
"Las Vegas, NV",HCA Healthcare Sunrise Health GME/MountainView Program,"https://freida.ama-assn.org/program/Las Vegas, NV"
"New Rochelle, NY",Montefiore Medical Center/Albert Einstein College of Medicine (New Rochelle) Program,"https://freida.ama-assn.org/program/New Rochelle, NY"
"Miami Beach, FL",Mount Sinai Medical Center of Florida Program,"https://freida.ama-assn.org/program/Miami Beach, FL"
"Honolulu, HI",University of Hawaii Program,"https://freida.ama-assn.org/program/Honolulu, HI"
"Harrisburg, PA",UPMC Medical Education (Harrisburg) Program,"https://freida.ama-assn.org/program/Harrisburg, PA"
"Pittsburgh, PA",UPMC Medical Education/Mercy Program,"https://freida.ama-assn.org/program/Pittsburgh, PA"
"Valhalla, NY",Westchester Medical Center Program,"https://freida.ama-assn.org/program/Valhalla, NY"
"Abington, PA",Abington Memorial Hospital Program,"https://freida.ama-assn.org/program/Abington, PA"
"Safety Harbor, FL",BayCare Health System - Mease Countryside Hospital Program,"https://freida.ama-assn.org/program/Safety Harbor, FL"
"Fayetteville, NC",Cape Fear Valley Health Program,"https://freida.ama-assn.org/program/Fayetteville, NC"
"Trenton, NJ",Capital Health Regional Medical Center Program,"https://freida.ama-assn.org/program/Trenton, NJ"
"Cincinnati, OH",Christ Hospital Program,"https://freida.ama-assn.org/program/Cincinnati, OH"
"Rancho Mirage, CA",Eisenhower Medical Center Program,"https://freida.ama-assn.org/program/Rancho Mirage, CA"
"Hudson, FL",HCA Florida Healthcare/USF Morsani College of Medicine GME - Tampa North/Bayonet Point Hospital Program,"https://freida.ama-assn.org/program/Hudson, FL"
"Inverness, FL",HCA Florida Healthcare/USF Morsani College of Medicine GME - Tampa North/Citrus Hospital Program,"https://freida.ama-assn.org/program/Inverness, FL"
"Trinity, FL",HCA Florida Healthcare/USF Morsani College of Medicine GME - Tampa North/Trinity Hospital Program,"https://freida.ama-assn.org/program/Trinity, FL"
"Brandon, FL",HCA Florida Healthcare/USF Morsani College of Medicine GME - Tampa South Program,"https://freida.ama-assn.org/program/Brandon, FL"
"Salem, VA",HCA Healthcare LewisGale Medical Center Program,"https://freida.ama-assn.org/program/Salem, VA"
"Thousand Oaks, CA",HCA Healthcare/Los Robles Regional Medical Center Program,"https://freida.ama-assn.org/program/Thousand Oaks, CA"
"Weatherford, TX",HCA Medical City Healthcare UNT-TCU GME (Weatherford) Program,"https://freida.ama-assn.org/program/Weatherford, TX"
"Bronx, NY",Jacobi Medical Center/North Central Bronx Hospital Program,"https://freida.ama-assn.org/program/Bronx, NY"
"Oakland, CA",Kaiser Permanente Northern California (Oakland) Program,"https://freida.ama-assn.org/program/Oakland, CA"
"Santa Clara, CA",Kaiser Permanente Northern California (Santa Clara) Program,"https://freida.ama-assn.org/program/Santa Clara, CA"
"Los Angeles, CA",Kaiser Permanente Southern California (Los Angeles) Program,"https://freida.ama-assn.org/program/Los Angeles, CA"
"Lakeland, FL",Lakeland Regional Health Program,"https://freida.ama-assn.org/program/Lakeland, FL"
"Asheville, NC",Mountain Area Health Education Center Program,"https://freida.ama-assn.org/program/Asheville, NC"
"Hialeah, FL",Palmetto General Hospital Program,"https://freida.ama-assn.org/program/Hialeah, FL"
"Providence, RI",Roger Williams Medical Center Program,"https://freida.ama-assn.org/program/Providence, RI"
"Jersey City, NJ",Rutgers Health/Jersey City Medical Center Program,"https://freida.ama-assn.org/program/Jersey City, NJ"
"McAllen, TX",South Texas Health System GME Consortium Program,"https://freida.ama-assn.org/program/McAllen, TX"
"Far Rockaway, NY",St John's Episcopal Hospital-South Shore Program,"https://freida.ama-assn.org/program/Far Rockaway, NY"
"Stockton, CA",St Joseph's Medical Center Program,"https://freida.ama-assn.org/program/Stockton, CA"
"Bedford, TX",Texas Health Resources (Bedford/Denton) Program,"https://freida.ama-assn.org/program/Bedford, TX"
"Sun City West, AZ",University of Arizona College of Medicine - Phoenix Banner Del Webb Program,"https://freida.ama-assn.org/program/Sun City West, AZ"
"Mesa, AZ",University of Arizona College of Medicine - Phoenix/Banner Desert Program,"https://freida.ama-assn.org/program/Mesa, AZ"
"Gainesville, FL",University of Central Florida/HCA Florida Healthcare (Gainesville) Program,"https://freida.ama-assn.org/program/Gainesville, FL"
"Largo, MD",University of Maryland Capital Region Health Program,"https://freida.ama-assn.org/program/Largo, MD"
"Fort Lauderdale, FL",University of Miami Hospital and Clinics/Holy Cross Hospital Program,"https://freida.ama-assn.org/program/Fort Lauderdale, FL"
"Tyler, TX",University of Texas Health Science Center at Tyler Program,"https://freida.ama-assn.org/program/Tyler, TX"
"Las Vegas, NV",Valley Health System Program,"https://freida.ama-assn.org/program/Las Vegas, NV"
"Everett, WA",Washington State University College of Medicine Program,"https://freida.ama-assn.org/program/Everett, WA"
"Atlantis, FL",HCA Florida JFK Hospital/University of Miami Miller School of Medicine GME Consortium Program,"https://freida.ama-assn.org/program/Atlantis, FL"
"San Francisco, CA",Kaiser Permanente Northern California (San Francisco) Program,"https://freida.ama-assn.org/program/San Francisco, CA"
"Chicago, IL",Louis A Weiss Memorial Hospital Program,"https://freida.ama-assn.org/program/Chicago, IL"
"Pembroke Pines, FL",Memorial Healthcare System (Hollywood Florida) Program,"https://freida.ama-assn.org/program/Pembroke Pines, FL"
"Florence, AL",North Alabama Medical Center Program,"https://freida.ama-assn.org/program/Florence, AL"
"Rochester, NY",Rochester Regional Health/Unity Hospital (Rochester) Program,"https://freida.ama-assn.org/program/Rochester, NY"
"Paterson, NJ",St Joseph's University Medical Center Program,"https://freida.ama-assn.org/program/Paterson, NJ"
"Oakland, CA",Sutter Health/Alta Bates Summit Medical Center Program,"https://freida.ama-assn.org/program/Oakland, CA"
"Pittsfield, MA",Berkshire Medical Center Program,"https://freida.ama-assn.org/program/Pittsfield, MA"
"Fort Lauderdale, FL",Broward Health Medical Center Program,"https://freida.ama-assn.org/program/Fort Lauderdale, FL"
"Johnson City, TN",East Tennessee State University/Quillen College of Medicine Program,"https://freida.ama-assn.org/program/Johnson City, TN"
"Lone Tree, CO",HCA HealthOne/Sky Ridge Medical Center Program,"https://freida.ama-assn.org/program/Lone Tree, CO"
"Stratford, NJ",Jefferson Health New Jersey Program,"https://freida.ama-assn.org/program/Stratford, NJ"
"Portland, OR",Legacy Health/Emanuel Medical Center Program,"https://freida.ama-assn.org/program/Portland, OR"
"Allentown, PA",Lehigh Valley Health Network Program,"https://freida.ama-assn.org/program/Allentown, PA"
"Newburgh, NY",Montefiore St Luke's Cornwall Program,"https://freida.ama-assn.org/program/Newburgh, NY"
"Chicago, IL",Mount Sinai Hospital Medical Center of Chicago Program,"https://freida.ama-assn.org/program/Chicago, IL"
"Denver, CO",Saint Joseph Hospital Program,"https://freida.ama-assn.org/program/Denver, CO"
"Baltimore, MD",St Agnes HealthCare Program,"https://freida.ama-assn.org/program/Baltimore, MD"
"Pontiac, MI",Trinity Health Oakland/Wayne State University Program,"https://freida.ama-assn.org/program/Pontiac, MI"
"Springfield, MA",UMass Chan-Baystate Program,"https://freida.ama-assn.org/program/Springfield, MA"
"Wichita, KS",University of Kansas (Wichita) Program,"https://freida.ama-assn.org/program/Wichita, KS"
"San Juan, PR",University of Puerto Rico Program,"https://freida.ama-assn.org/program/San Juan, PR"
"Burlington, VT",University of Vermont Medical Center Program,"https://freida.ama-assn.org/program/Burlington, VT"
"Voorhees, NJ",Virtua Program,"https://freida.ama-assn.org/program/Voorhees, NJ"
"New Haven, CT",Yale-New Haven Medical Center (Primary Care) Program,"https://freida.ama-assn.org/program/New Haven, CT"
"Port Jefferson, NY",Zucker School of Medicine at Hofstra/Northwell at Mather Hospital Program,"https://freida.ama-assn.org/program/Port Jefferson, NY"
"Colton, CA",Arrowhead Regional Medical Center Program,"https://freida.ama-assn.org/program/Colton, CA"
"Summit, NJ",Atlantic Health System/Overlook Medical Center Program,"https://freida.ama-assn.org/program/Summit, NJ"
"Charleston, WV",Charleston Area Medical Center/CAMC Institute for Academic Medicine Program,"https://freida.ama-assn.org/program/Charleston, WV"
"Danbury, CT",Danbury Hospital Program,"https://freida.ama-assn.org/program/Danbury, CT"
"Danville, PA",Geisinger Health System (Danville) Program,"https://freida.ama-assn.org/program/Danville, PA"
"Baltimore, MD",Greater Baltimore Medical Center Program,"https://freida.ama-assn.org/program/Baltimore, MD"
"Southfield, MI",Henry Ford Providence Hospital Program,"https://freida.ama-assn.org/program/Southfield, MI"
"Portland, ME",MaineHealth Program,"https://freida.ama-assn.org/program/Portland, ME"
"Nashville, TN",Meharry Medical College Program,"https://freida.ama-assn.org/program/Nashville, TN"
"Columbia, SC",Prisma Health/University of South Carolina School of Medicine Columbia (Columbia) Program,"https://freida.ama-assn.org/program/Columbia, SC"
"New Brunswick, NJ",Saint Peter's University Hospital/Rutgers Robert Wood Johnson Medical School Program,"https://freida.ama-assn.org/program/New Brunswick, NJ"
"Odessa, TX",Texas Tech University (Permian Basin) Program,"https://freida.ama-assn.org/program/Odessa, TX"
"El Paso, TX",Texas Tech University HSC El Paso Program,"https://freida.ama-assn.org/program/El Paso, TX"
"Johnson City, NY",United Health Services Hospitals Program,"https://freida.ama-assn.org/program/Johnson City, NY"
"Marietta, GA",Wellstar Health System/WellStar Kennestone Regional Medical Center Program,"https://freida.ama-assn.org/program/Marietta, GA"
"Glendale, AZ",Abrazo Health Network Program,"https://freida.ama-assn.org/program/Glendale, AZ"
"Orlando, FL",AdventHealth Florida (Orlando) Program,"https://freida.ama-assn.org/program/Orlando, FL"
"Rome, GA",AdventHealth Redmond Program,"https://freida.ama-assn.org/program/Rome, GA"
"Indianapolis, IN",Ascension St Vincent Hospital Indianapolis Program,"https://freida.ama-assn.org/program/Indianapolis, IN"
"Dover, DE",Bayhealth Medical Center Program,"https://freida.ama-assn.org/program/Dover, DE"
"Dallas, TX",Baylor University Medical Center Program,"https://freida.ama-assn.org/program/Dallas, TX"
"Urbana, IL",Carle Foundation Hospital Program,"https://freida.ama-assn.org/program/Urbana, IL"
"Grand Rapids, MI",Corewell Health-Grand Rapids/Michigan State University Program,"https://freida.ama-assn.org/program/Grand Rapids, MI"
"Olympia Fields, IL",Franciscan Health Olympia Fields Program,"https://freida.ama-assn.org/program/Olympia Fields, IL"
"Wilkes-Barre, PA",Geisinger Health System (Wilkes-Barre) Program,"https://freida.ama-assn.org/program/Wilkes-Barre, PA"
"Englewood, NJ",Hackensack University Medical Center/Englewood Hospital and Medical Center Program,"https://freida.ama-assn.org/program/Englewood, NJ"
"Teaneck, NJ",Holy Name Medical Center Program,"https://freida.ama-assn.org/program/Teaneck, NJ"
"Vincennes, IN",Indiana University School of Medicine (Southwest Indiana) Program,"https://freida.ama-assn.org/program/Vincennes, IN"
"Jacksonville, FL",Mayo Clinic College of Medicine and Science (Jacksonville) Program,"https://freida.ama-assn.org/program/Jacksonville, FL"
"Naples, FL",Naples Comprehensive Health Program,"https://freida.ama-assn.org/program/Naples, FL"
"Tulsa, OK",Oklahoma State University Center for Health Sciences Program,"https://freida.ama-assn.org/program/Tulsa, OK"
"Bridgeport, CT",Quinnipiac University Frank H Netter MD School of Medicine/St Vincent's Medical Center Program,"https://freida.ama-assn.org/program/Bridgeport, CT"
"Newark, NJ",Rutgers Health/Newark Beth Israel Medical Center Program,"https://freida.ama-assn.org/program/Newark, NJ"
"Porterville, CA",Sierra View Medical Center Program,"https://freida.ama-assn.org/program/Porterville, CA"
"Dothan, AL",Southeast Health Program,"https://freida.ama-assn.org/program/Dothan, AL"
"Chesterfield, MO",St Luke's Hospital Program,"https://freida.ama-assn.org/program/Chesterfield, MO"
"Long Beach, CA",St Mary Medical Center Program,"https://freida.ama-assn.org/program/Long Beach, CA"
"San Francisco, CA",St Mary's Hospital and Medical Center Program,"https://freida.ama-assn.org/program/San Francisco, CA"
"Lubbock, TX",Texas Tech University Health Sciences Center at Lubbock Program,"https://freida.ama-assn.org/program/Lubbock, TX"
"Ypsilanti, MI",Trinity Health Ann Arbor Hospital Program,"https://freida.ama-assn.org/program/Ypsilanti, MI"
"Farmington, CT",University of Connecticut (New Britain) Program,"https://freida.ama-assn.org/program/Farmington, CT"
"Boise, ID",University of Washington [Boise] Program,"https://freida.ama-assn.org/program/Boise, ID"
"Waterbury, CT",Yale-New Haven Medical Center (Waterbury) Program,"https://freida.ama-assn.org/program/Waterbury, CT"
"Mount Kisco, NY",Zucker School of Medicine at Hofstra/Northwell at Northern Westchester Hospital Program,"https://freida.ama-assn.org/program/Mount Kisco, NY"
"Annapolis, MD",Anne Arundel Medical Center Program,"https://freida.ama-assn.org/program/Annapolis, MD"
"Fishersville, VA",Augusta Health Inc Program,"https://freida.ama-assn.org/program/Fishersville, VA"
"Milwaukee, WI",Aurora Health Care Program,"https://freida.ama-assn.org/program/Milwaukee, WI"
"North Little Rock, AR",Baptist Health-UAMS Program,"https://freida.ama-assn.org/program/North Little Rock, AR"
"Fort Worth, TX",Baylor All Saints Medical Center Fort Worth Program,"https://freida.ama-assn.org/program/Fort Worth, TX"
"Birmingham, AL",Brookwood Baptist Health Program,"https://freida.ama-assn.org/program/Birmingham, AL"
"Deerfield Beach, FL",Broward Health North Program,"https://freida.ama-assn.org/program/Deerfield Beach, FL"
"Akron, OH",Cleveland Clinic Foundation/Akron General Program,"https://freida.ama-assn.org/program/Akron, OH"
"Sarasota, FL",Florida State University College of Medicine (Sarasota) Program,"https://freida.ama-assn.org/program/Sarasota, FL"
"Dalton, GA",Hamilton Medical Center Program,"https://freida.ama-assn.org/program/Dalton, GA"
"Aventura, FL",HCA Florida Healthcare/Aventura Hospital Program,"https://freida.ama-assn.org/program/Aventura, FL"
"Fort Pierce, FL",HCA Florida Healthcare/Lawnwood Hospital Program,"https://freida.ama-assn.org/program/Fort Pierce, FL"
"Largo, FL",HCA Florida Healthcare/USF Morsani College of Medicine GME - Tampa South Program,"https://freida.ama-assn.org/program/Largo, FL"
"Plantation, FL",HCA Florida Healthcare/Westside/Northwest Hospital Program,"https://freida.ama-assn.org/program/Plantation, FL"
"El Paso, TX",HCA Healthcare Las Palmas Del Sol Program,"https://freida.ama-assn.org/program/El Paso, TX"
"Fort Worth, TX",HCA Medical City Healthcare UNT-TCU GME (Fort Worth) Program,"https://freida.ama-assn.org/program/Fort Worth, TX"
"Flint, MI",Hurley Medical Center/Michigan State University Program,"https://freida.ama-assn.org/program/Flint, MI"
"East Norriton, PA",Jefferson Health Medical Education/Jefferson Einstein Montgomery Hospital Program,"https://freida.ama-assn.org/program/East Norriton, PA"
"Fredericksburg, VA",Mary Washington Healthcare Program,"https://freida.ama-assn.org/program/Fredericksburg, VA"
"Scottsdale, AZ",Mayo Clinic College of Medicine and Science (Scottsdale) Program,"https://freida.ama-assn.org/program/Scottsdale, AZ"
"San Antonio, TX",Methodist Healthcare System of San Antonio Program,"https://freida.ama-assn.org/program/San Antonio, TX"
"Lawrenceville, GA",Northside Hospital-Gwinnett Program,"https://freida.ama-assn.org/program/Lawrenceville, GA"
"Norwalk, CT",Norwalk Hospital/Yale University Program,"https://freida.ama-assn.org/program/Norwalk, CT"
"Brick, NJ",Ocean University Medical Center Program,"https://freida.ama-assn.org/program/Brick, NJ"
"Las Vegas, NV",OPTI West/Valley Hospital (Las Vegas) Program,"https://freida.ama-assn.org/program/Las Vegas, NV"
"Orlando, FL",Orlando Health Program,"https://freida.ama-assn.org/program/Orlando, FL"
"Fort Wayne, IN",Parkview Health Program,"https://freida.ama-assn.org/program/Fort Wayne, IN"
"Riverdale, GA",Prime South GME Consortium/Southern Regional Medical Center Program,"https://freida.ama-assn.org/program/Riverdale, GA"
"Greenville, SC",Prisma Health/University of South Carolina School of Medicine Greenville (Greenville) Program,"https://freida.ama-assn.org/program/Greenville, SC"
"La Jolla, CA",Scripps Clinic/Scripps Green Hospital Program,"https://freida.ama-assn.org/program/La Jolla, CA"
"Monroe, LA",St Francis Medical Center Program,"https://freida.ama-assn.org/program/Monroe, LA"
"Fort Worth, TX",Texas Health Resources/Harris Methodist Hospital Fort Worth Program,"https://freida.ama-assn.org/program/Fort Worth, TX"
"San Antonio, TX",Texas Institute for Graduate Medical Education and Research (TIGMER) Program,"https://freida.ama-assn.org/program/San Antonio, TX"
"Salisbury, MD",TidalHealth Program,"https://freida.ama-assn.org/program/Salisbury, MD"
"West Reading, PA",Tower Health Program,"https://freida.ama-assn.org/program/West Reading, PA"
"Livonia, MI",Trinity Health Livonia Hospital/Wayne State University Program,"https://freida.ama-assn.org/program/Livonia, MI"
"Buffalo, NY",University at Buffalo (Catholic Health System-Sisters of Charity) Program,"https://freida.ama-assn.org/program/Buffalo, NY"
"Ocala, FL",University of Central Florida/HCA Florida Healthcare (Ocala) Program,"https://freida.ama-assn.org/program/Ocala, FL"
"Seattle, WA",Virginia Mason Franciscan Health Program,"https://freida.ama-assn.org/program/Seattle, WA"
"Saint Louis, MO",Washington University/B-JH/SLCH Consortium at Missouri Baptist Medical Center Program,"https://freida.ama-assn.org/program/Saint Louis, MO"
"Atlantic City, NJ",AtlantiCare Regional Medical Center Program,"https://freida.ama-assn.org/program/Atlantic City, NJ"
"Saginaw, MI",Central Michigan University College of Medicine/CMU Medical Education Partners Program,"https://freida.ama-assn.org/program/Saginaw, MI"
"Cleveland, OH",Cleveland Clinic Foundation/Fairview Hospital Program,"https://freida.ama-assn.org/program/Cleveland, OH"
"Miami, FL",HCA Florida Healthcare/Kendall Hospital Program,"https://freida.ama-assn.org/program/Miami, FL"
"Savannah, GA",HCA Healthcare/Mercer University School of Medicine/Memorial Health-University Medical Center Program,"https://freida.ama-assn.org/program/Savannah, GA"
"Mullica Hill, NJ",Inspira Health Network/Inspira Medical Center-Mullica Hill Program,"https://freida.ama-assn.org/program/Mullica Hill, NJ"
"Baton Rouge, LA",Louisiana State University School of Medicine (Baton Rouge) Program,"https://freida.ama-assn.org/program/Baton Rouge, LA"
"Berwyn, IL",Loyola Medicine MacNeal Hospital Program,"https://freida.ama-assn.org/program/Berwyn, IL"
"San Diego, CA",Scripps Mercy Hospital Program,"https://freida.ama-assn.org/program/San Diego, CA"
"Waterbury, CT",St Mary's Hospital (Waterbury) Program,"https://freida.ama-assn.org/program/Waterbury, CT"
"El Paso, TX",Texas Tech University HSC El Paso/Hospitals of Providence Transmountain Campus Program,"https://freida.ama-assn.org/program/El Paso, TX"
"Fairhope, AL",Thomas Hospital Program,"https://freida.ama-assn.org/program/Fairhope, AL"
"Honolulu, HI",Tripler Army Medical Center Program,"https://freida.ama-assn.org/program/Honolulu, HI"
"Peoria, IL",University of Illinois College of Medicine at Peoria Program,"https://freida.ama-assn.org/program/Peoria, IL"
"Tulsa, OK",University of Oklahoma School of Community Medicine (Tulsa) Program,"https://freida.ama-assn.org/program/Tulsa, OK"
"Warren, OH",Western Reserve Health Education/NEOMED Program,"https://freida.ama-assn.org/program/Warren, OH"
"Forest Hills, NY",Zucker School of Medicine at Hofstra/Northwell at Forest Hills Hospital Program,"https://freida.ama-assn.org/program/Forest Hills, NY"
"Tampa, FL",AdventHealth Florida (Tampa) Program,"https://freida.ama-assn.org/program/Tampa, FL"
"Fort Smith, AR",Arkansas College of Osteopathic Medicine/Mercy Program,"https://freida.ama-assn.org/program/Fort Smith, AR"
"Macon, GA",Atrium Health Navicent The Medical Center/Mercer University School of Medicine Program,"https://freida.ama-assn.org/program/Macon, GA"
"Beaumont, TX",Baptist Hospitals of Southeast Texas Program,"https://freida.ama-assn.org/program/Beaumont, TX"
"Canton, OH",Canton Medical Education Foundation/NEOMED Program,"https://freida.ama-assn.org/program/Canton, OH"
"McHenry, IL",Chicago Medical School/Rosalind Franklin University of Medicine and Science/Northwestern Medicine McHenry Hospital Program,"https://freida.ama-assn.org/program/McHenry, IL"
"Longview, TX",Christus Health/Texas A&M University School of Medicine Program,"https://freida.ama-assn.org/program/Longview, TX"
"Dearborn, MI",Corewell Health (Dearborn) Program,"https://freida.ama-assn.org/program/Dearborn, MI"
"Chandler, AZ",Dignity Health East Valley Program,"https://freida.ama-assn.org/program/Chandler, AZ"
"Tallahassee, FL",Florida State University College of Medicine (Tallahassee) Program,"https://freida.ama-assn.org/program/Tallahassee, FL"
"Greenwich, CT",Greenwich Hospital/Yale University Program,"https://freida.ama-assn.org/program/Greenwich, CT"
"Derby, CT",Griffin Hospital Program,"https://freida.ama-assn.org/program/Derby, CT"
"Orange Park, FL",HCA Florida Orange Park Hospital Program,"https://freida.ama-assn.org/program/Orange Park, FL"
"Myrtle Beach, SC",HCA Healthcare/Mercer University School of Medicine/Grand Strand Medical Center Program,"https://freida.ama-assn.org/program/Myrtle Beach, SC"
"Valparaiso, IN",Health Education Services Program,"https://freida.ama-assn.org/program/Valparaiso, IN"
"Dothan, AL",Health Education Services Program,"https://freida.ama-assn.org/program/Dothan, AL"
"Powell, TN",Health Education Services/North Knoxville Medical Center Program,"https://freida.ama-assn.org/program/Powell, TN"
"Tucson, AZ",Health Education Services/Northwest Healthcare (Tucson) Program,"https://freida.ama-assn.org/program/Tucson, AZ"
"Grand Blanc, MI",Henry Ford Genesys Hospital Program,"https://freida.ama-assn.org/program/Grand Blanc, MI"
"Clinton Township, MI",Henry Ford Health/Henry Ford Macomb Hospital Program,"https://freida.ama-assn.org/program/Clinton Township, MI"
"Warren, MI",Henry Ford Warren Hospital Program,"https://freida.ama-assn.org/program/Warren, MI"
"Oceanside, NY",Icahn School of Medicine at Mount Sinai/South Nassau Program,"https://freida.ama-assn.org/program/Oceanside, NY"
"Falls Church, VA",Inova Fairfax Medical Campus Program,"https://freida.ama-assn.org/program/Falls Church, VA"
"Warwick, RI",Kent Hospital/Brown University Program,"https://freida.ama-assn.org/program/Warwick, RI"
"Burlington, MA",Lahey Clinic Program,"https://freida.ama-assn.org/program/Burlington, MA"
"Rockford, IL",Mercyhealth GME Consortium Program,"https://freida.ama-assn.org/program/Rockford, IL"
"Dallas, TX",Methodist Health System Dallas Program,"https://freida.ama-assn.org/program/Dallas, TX"
"Harlingen, TX",Prime South GME Consortium/Harlingen Medical Center Program,"https://freida.ama-assn.org/program/Harlingen, TX"
"Kansas City, MO",Prime South GME Consortium/St. Joseph Medical Center Program,"https://freida.ama-assn.org/program/Kansas City, MO"
"Portland, OR",Providence Health & Services-Oregon/Providence Medical Center Program,"https://freida.ama-assn.org/program/Portland, OR"
"Newport News, VA",Riverside Regional Medical Center Program,"https://freida.ama-assn.org/program/Newport News, VA"
"Moreno Valley, CA",Riverside University Health System Program,"https://freida.ama-assn.org/program/Moreno Valley, CA"
"Long Branch, NJ",Rutgers Health/Monmouth Medical Center Program,"https://freida.ama-assn.org/program/Long Branch, NJ"
"Newark, DE",Sidney Kimmel Medical College at Thomas Jefferson University/Christiana Care Health Services Program,"https://freida.ama-assn.org/program/Newark, DE"
"Lumberton, NC",Southeastern Regional Medical Center Program,"https://freida.ama-assn.org/program/Lumberton, NC"
"Fresno, CA",St Agnes Medical Center (Fresno) Program,"https://freida.ama-assn.org/program/Fresno, CA"
"Easton, PA",St Luke's Hospital-Anderson Campus Program,"https://freida.ama-assn.org/program/Easton, PA"
"Roseville, CA",Sutter Health/Sutter Roseville Medical Center Program,"https://freida.ama-assn.org/program/Roseville, CA"
"Paris, TX",Texas College of Osteopathic Medicine Program,"https://freida.ama-assn.org/program/Paris, TX"
"Amarillo, TX",Texas Tech University (Amarillo) Program,"https://freida.ama-assn.org/program/Amarillo, TX"
"Montgomery, AL",University of Alabama Medical Center (Montgomery) Program,"https://freida.ama-assn.org/program/Montgomery, AL"
"Knoxville, TN",University of Tennessee Medical Center at Knoxville Program,"https://freida.ama-assn.org/program/Knoxville, TN"
"McKeesport, PA",UPMC Medical Education/McKeesport Hospital Program,"https://freida.ama-assn.org/program/McKeesport, PA"
"Tacoma, WA",Virginia Mason Franciscan Health/St Joseph's Hospital Program,"https://freida.ama-assn.org/program/Tacoma, WA"
"Rochester, MI",Wayne State University School of Medicine Program,"https://freida.ama-assn.org/program/Rochester, MI"
"Kalamazoo, MI",Western Michigan University Homer Stryker MD School of Medicine Program,"https://freida.ama-assn.org/program/Kalamazoo, MI"
"Athens, GA",Augusta University/University of Georgia Medical Partnership Program,"https://freida.ama-assn.org/program/Athens, GA"
"Oxford, MS",Baptist Memorial Medical Education (Oxford) Program,"https://freida.ama-assn.org/program/Oxford, MS"
"Jackson, MS",Baptist Memorial Medical Education Program,"https://freida.ama-assn.org/program/Jackson, MS"
"Baton Rouge, LA",Baton Rouge General Program,"https://freida.ama-assn.org/program/Baton Rouge, LA"
"Billings, MT",Billings Clinic Program,"https://freida.ama-assn.org/program/Billings, MT"
"Greenville, SC",Bon Secours St. Francis Program,"https://freida.ama-assn.org/program/Greenville, SC"
"Greensboro, NC",Cone Health Program,"https://freida.ama-assn.org/program/Greensboro, NC"
"Farmington Hills, MI",Corewell Health (Farmington Hills) Program,"https://freida.ama-assn.org/program/Farmington Hills, MI"
"Las Vegas, NV",Dignity Health St Rose Dominican Hospitals Program,"https://freida.ama-assn.org/program/Las Vegas, NV"
"Edinburg, TX",Doctors Hospital at Renaissance Ltd Program,"https://freida.ama-assn.org/program/Edinburg, TX"
"Brooklyn, NY",Family Health Centers at NYU Langone Program,"https://freida.ama-assn.org/program/Brooklyn, NY"
"Cape Coral, FL",Florida State University College of Medicine Program,"https://freida.ama-assn.org/program/Cape Coral, FL"
"Hackensack, NJ",Hackensack University Medical Center Program,"https://freida.ama-assn.org/program/Hackensack, NJ"
"Sarasota, FL",HCA Florida Healthcare/USF Morsani College of Medicine GME Sarasota Doctors Hospital Program,"https://freida.ama-assn.org/program/Sarasota, FL"
"Overland Park, KS",HCA Healthcare Kansas City/Overland Park Regional Medical Center Program,"https://freida.ama-assn.org/program/Overland Park, KS"
"Huntsville, AL",Health Education Services/Crestwood Medical Center Program,"https://freida.ama-assn.org/program/Huntsville, AL"
"Scottsdale, AZ",HonorHealth Program,"https://freida.ama-assn.org/program/Scottsdale, AZ"
"Pasadena, CA",Huntington Memorial Hospital Program,"https://freida.ama-assn.org/program/Pasadena, CA"
"Paramus, NJ",Icahn School of Medicine at Mount Sinai/Valley Health Program,"https://freida.ama-assn.org/program/Paramus, NJ"
"Vineland, NJ",Inspira Health Network/Inspira Medical Center Vineland Program,"https://freida.ama-assn.org/program/Vineland, NJ"
"Perth Amboy, NJ",JFK Medical Center/Raritan Bay Medical Center Program,"https://freida.ama-assn.org/program/Perth Amboy, NJ"
"Bakersfield, CA",Kern Medical Center Program,"https://freida.ama-assn.org/program/Bakersfield, CA"
"Vancouver, WA",Legacy Health/Salmon Creek Medical Center Program,"https://freida.ama-assn.org/program/Vancouver, WA"
"Lafayette, LA",LSU Health Sciences Center/University Hospital and Clinics (Lafayette) Program,"https://freida.ama-assn.org/program/Lafayette, LA"
"Joint Base Lewis McChord, WA",Madigan Army Medical Center Program,"https://freida.ama-assn.org/program/Joint Base Lewis McChord, WA"
"Flint, MI",McLaren Health Care/Flint/MSU Program,"https://freida.ama-assn.org/program/Flint, MI"
"Fairfield, OH",Mercy Health Fairfield Hospital Program,"https://freida.ama-assn.org/program/Fairfield, OH"
"Lima, OH",Mercy Health-St Rita's Medical Center Program,"https://freida.ama-assn.org/program/Lima, OH"
"Toledo, OH",Mercy St Vincent Medical Center/Mercy Health Partners Program,"https://freida.ama-assn.org/program/Toledo, OH"
"Hot Springs, AR",Morehouse School of Medicine Program,"https://freida.ama-assn.org/program/Hot Springs, AR"
"Philadelphia, PA",Nazareth Hospital Program,"https://freida.ama-assn.org/program/Philadelphia, PA"
"Woonsocket, RI",New York Medical College/Landmark Medical Center Program,"https://freida.ama-assn.org/program/Woonsocket, RI"
"Philadelphia, PA",Philadelphia College of Osteopathic Medicine Program,"https://freida.ama-assn.org/program/Philadelphia, PA"
"Ingelwood, CA",Prime West Consortium/Centinela Hospital Medical Center Program,"https://freida.ama-assn.org/program/Ingelwood, CA"
"Portland, OR",Providence Health & Services-Oregon/St Vincent Hospital and Medical Center Program,"https://freida.ama-assn.org/program/Portland, OR"
"Sayre, PA",Robert Packer Hospital/Guthrie Program,"https://freida.ama-assn.org/program/Sayre, PA"
"Toms River, NJ",Rutgers Health/Community Medical Center Program,"https://freida.ama-assn.org/program/Toms River, NJ"
"Santa Barbara, CA",Santa Barbara Cottage Hospital Program,"https://freida.ama-assn.org/program/Santa Barbara, CA"
"Saint Louis, MO",Southwest Healthcare Medical Education Consortium Program,"https://freida.ama-assn.org/program/Saint Louis, MO"
"Yonkers, NY",St John's Riverside Hospital Program,"https://freida.ama-assn.org/program/Yonkers, NY"
"Bethlehem, PA",St Luke's University Hospital Program,"https://freida.ama-assn.org/program/Bethlehem, PA"
"Langhorne, PA",St Mary Medical Center Program,"https://freida.ama-assn.org/program/Langhorne, PA"
"Brooklyn, NY",SUNY Downstate Health Sciences University (Primary Care) Program,"https://freida.ama-assn.org/program/Brooklyn, NY"
"Dallas, TX",Texas Health Resources (Dallas) Program,"https://freida.ama-assn.org/program/Dallas, TX"
"Searcy, AR",Unity Health-White County Medical Center Program,"https://freida.ama-assn.org/program/Searcy, AR"
"Ft Walton Bch, FL",University of Central Florida/HCA Florida Healthcare (Fort Walton Beach) Program,"https://freida.ama-assn.org/program/Ft Walton Bch, FL"
"Sanford, FL",University of Central Florida/HCA Florida Healthcare (Greater Orlando/Lake Monroe) Program,"https://freida.ama-assn.org/program/Sanford, FL"
"Des Moines, IA",University of Iowa (Des Moines) Program,"https://freida.ama-assn.org/program/Des Moines, IA"
"Olathe, KS",University of Kansas School of Medicine (Olathe) Program,"https://freida.ama-assn.org/program/Olathe, KS"
"East Lansing, MI",University of Michigan Health - Sparrow/Michigan State University Program,"https://freida.ama-assn.org/program/East Lansing, MI"
"Weslaco, TX",University of Texas RGV (Knapp) Program,"https://freida.ama-assn.org/program/Weslaco, TX"
"York, PA",Wellspan Health/York Hospital Program,"https://freida.ama-assn.org/program/York, PA"
"Minneapolis, MN",Abbott-Northwestern Hospital Program,"https://freida.ama-assn.org/program/Minneapolis, MN"
"Cooperstown, NY",Bassett Medical Center Program,"https://freida.ama-assn.org/program/Cooperstown, NY"
"Johnstown, PA",Conemaugh Memorial Medical Center Program,"https://freida.ama-assn.org/program/Johnstown, PA"
"Danbury, CT",Connecticut Institute for Communities Health Program,"https://freida.ama-assn.org/program/Danbury, CT"
"Garden City, MI",Garden City Hospital Program,"https://freida.ama-assn.org/program/Garden City, MI"
"Chicago, IL",Insight Hospital and Medical Center Chicago Program,"https://freida.ama-assn.org/program/Chicago, IL"
"Fontana, CA",Kaiser Permanente Southern California (Inland Empire) Program,"https://freida.ama-assn.org/program/Fontana, CA"
"Kettering, OH",Kettering Health Network/Kettering Medical Center Program,"https://freida.ama-assn.org/program/Kettering, OH"
"Salem, MA",Mass General Brigham/Salem Hospital Program,"https://freida.ama-assn.org/program/Salem, MA"
"Corvallis, OR",Samaritan Health Services-Corvallis Program,"https://freida.ama-assn.org/program/Corvallis, OR"
"French Camp, CA",San Joaquin General Hospital Program,"https://freida.ama-assn.org/program/French Camp, CA"
"San Juan, PR",San Juan City Hospital Program,"https://freida.ama-assn.org/program/San Juan, PR"
"Youngstown, OH",St Elizabeth Youngstown Hospital/NEOMED Program,"https://freida.ama-assn.org/program/Youngstown, OH"
"Chattanooga, TN",University of Tennessee College of Medicine at Chattanooga Program,"https://freida.ama-assn.org/program/Chattanooga, TN"
"Fort Bliss, TX",William Beaumont Army Medical Center Program,"https://freida.ama-assn.org/program/Fort Bliss, TX"
"Los Angeles, CA",Adventist Health White Memorial Program,"https://freida.ama-assn.org/program/Los Angeles, CA"
"Aiken, SC",Aiken Regional Medical Centers Program,"https://freida.ama-assn.org/program/Aiken, SC"
"Elmira, NY",Arnot Ogden Medical Center Program,"https://freida.ama-assn.org/program/Elmira, NY"
"New Port Richey, FL",BayCare Health System (Morton Plant North Bay Hospital) Program,"https://freida.ama-assn.org/program/New Port Richey, FL"
"Ithaca, NY",Cayuga Medical Center Program,"https://freida.ama-assn.org/program/Ithaca, NY"
"North Chicago, IL",Chicago Medical School/Rosalind Franklin University of Medicine and Science Program,"https://freida.ama-assn.org/program/North Chicago, IL"
"Opelika, AL",East Alabama Medical Center Program,"https://freida.ama-assn.org/program/Opelika, AL"
"Middletown, NY",Garnet Health Medical Center Program,"https://freida.ama-assn.org/program/Middletown, NY"
"Montclair, NJ",Hackensack University Medical Center (Mountainside) Program,"https://freida.ama-assn.org/program/Montclair, NJ"
"North Bergen, NJ",Hackensack University Medical Center (Palisades) Program,"https://freida.ama-assn.org/program/North Bergen, NJ"
"Idaho Falls, ID",HCA Healthcare/Eastern Idaho Regional Medical Center Program,"https://freida.ama-assn.org/program/Idaho Falls, ID"
"Charleston, SC",HCA Healthcare/Mercer University School of Medicine/Trident Medical Center Program,"https://freida.ama-assn.org/program/Charleston, SC"
"Nashville, TN",HCA Healthcare/TriStar Nashville/Centennial Medical Center Program,"https://freida.ama-assn.org/program/Nashville, TN"
"Hattiesburg, MS",Health Education Services/Merit Health Wesley Program,"https://freida.ama-assn.org/program/Hattiesburg, MS"
"Ponce, PR",Hospital Episcopal San Lucas/Ponce School of Medicine Program,"https://freida.ama-assn.org/program/Ponce, PR"
"Muncie, IN",Indiana University School of Medicine/Ball Memorial Program,"https://freida.ama-assn.org/program/Muncie, IN"
"Biloxi, MS",Keesler Medical Center Program,"https://freida.ama-assn.org/program/Biloxi, MS"
"Hemet, CA",KPC Global Medical Centers Inc Program,"https://freida.ama-assn.org/program/Hemet, CA"
"South Miami, FL",Larkin Community Hospital Program,"https://freida.ama-assn.org/program/South Miami, FL"
"Patchogue, NY",Long Island Community Hospital Program,"https://freida.ama-assn.org/program/Patchogue, NY"
"Bradenton, FL",Manatee Memorial Hospital Program,"https://freida.ama-assn.org/program/Bradenton, FL"
"Marshfield, WI",Marshfield Clinic Program,"https://freida.ama-assn.org/program/Marshfield, WI"
"Lansing, MI",McLaren Health Care/Greater Lansing/MSU Program,"https://freida.ama-assn.org/program/Lansing, MI"
"Mount Clemens, MI",McLaren Health Care/Macomb/MSU Program,"https://freida.ama-assn.org/program/Mount Clemens, MI"
"Des Moines, IA",MercyOne Des Moines/PHC Consortium Program,"https://freida.ama-assn.org/program/Des Moines, IA"
"Bakersfield, CA",Morehouse School of Medicine/Bakersfield Memorial Hospital Program,"https://freida.ama-assn.org/program/Bakersfield, CA"
"Grove City, OH",Mount Carmel Health System Program,"https://freida.ama-assn.org/program/Grove City, OH"
"Great Falls, MT",Opti West - Benefis Hospital Program,"https://freida.ama-assn.org/program/Great Falls, MT"
"Pueblo, CO",Parkview Medical Center Program,"https://freida.ama-assn.org/program/Pueblo, CO"
"Macon, GA",Piedmont Macon Medical Center Program,"https://freida.ama-assn.org/program/Macon, GA"
"Victorville, CA",Prime West Consortium/Desert Valley Hospital Program,"https://freida.ama-assn.org/program/Victorville, CA"
"Apple Valley, CA",Providence St. Mary Medical Center Program,"https://freida.ama-assn.org/program/Apple Valley, CA"
"Elizabeth, NJ",Rutgers Health/Trinitas Regional Medical Center Program,"https://freida.ama-assn.org/program/Elizabeth, NJ"
"Danville, VA",Sovah Health-Danville Program,"https://freida.ama-assn.org/program/Danville, VA"
"Spokane, WA",Spokane Teaching Health Center Program,"https://freida.ama-assn.org/program/Spokane, WA"
"St Louis, MO",SSM St Mary's Hospital-St Louis Program,"https://freida.ama-assn.org/program/St Louis, MO"
"Columbus, GA",St Francis-Emory Healthcare Program,"https://freida.ama-assn.org/program/Columbus, GA"
"Chicago, IL",Swedish Hospital Program,"https://freida.ama-assn.org/program/Chicago, IL"
"Plano, TX",Texas Health Resources/Presbyterian Hospital of Plano Program,"https://freida.ama-assn.org/program/Plano, TX"
"Phoenixville, PA",Tower Health/Phoenixville Hospital Program,"https://freida.ama-assn.org/program/Phoenixville, PA"
"Cincinnati, OH",TriHealth (Good Samaritan Hospital) Program,"https://freida.ama-assn.org/program/Cincinnati, OH"
"Steubenville, OH",Trinity Health System Program,"https://freida.ama-assn.org/program/Steubenville, OH"
"Huntsville, AL",University of Alabama Hospital Program,"https://freida.ama-assn.org/program/Huntsville, AL"
"Fayetteville, AR",University of Arkansas for Medical Sciences (UAMS) College of Medicine (Northwest) Program,"https://freida.ama-assn.org/program/Fayetteville, AR"
"Pensacola, FL",University of Central Florida/HCA Florida Healthcare (Pensacola) Program,"https://freida.ama-assn.org/program/Pensacola, FL"
"Nashville, TN",University of Tennessee (Nashville) Program,"https://freida.ama-assn.org/program/Nashville, TN"
"Harlingen, TX",University of Texas RGV (VBMC) Program,"https://freida.ama-assn.org/program/Harlingen, TX"
"Wellington, FL",Wellington Regional Medical Center Program,"https://freida.ama-assn.org/program/Wellington, FL"
"Griffin, GA",Wellstar Health System Spalding Program,"https://freida.ama-assn.org/program/Griffin, GA"
"Austell, GA",Wellstar Health System/Wellstar Cobb Hospital Program,"https://freida.ama-assn.org/program/Austell, GA"
"Batesville, AR",White River Health System Program,"https://freida.ama-assn.org/program/Batesville, AR"
"Shreveport, LA",Willis-Knighton Health System Program,"https://freida.ama-assn.org/program/Shreveport, LA"
"Whitesburg, KY",Appalachian Regional Healthcare Inc Program,"https://freida.ama-assn.org/program/Whitesburg, KY"
"Saint Joseph, MI",Corewell Health Lakeland Program,"https://freida.ama-assn.org/program/Saint Joseph, MI"
"Las Cruces, NM",HES/Mountain View Regional Medical Center Program,"https://freida.ama-assn.org/program/Las Cruces, NM"
"Philadelphia, PA",Jefferson Health Northeast Program,"https://freida.ama-assn.org/program/Philadelphia, PA"
"Corinth, MS",Magnolia Regional Health Center Program,"https://freida.ama-assn.org/program/Corinth, MS"
"Saint Louis, MO",Mercy Hospital (St Louis) Program,"https://freida.ama-assn.org/program/Saint Louis, MO"
"Wilmington, NC",Novant Health New Hanover Regional Medical Center Program,"https://freida.ama-assn.org/program/Wilmington, NC"
"Mayaguez, PR",Ramon Betances Hospital-Mayaguez Medical Center/Ponce School of Medicine Consortium Program,"https://freida.ama-assn.org/program/Mayaguez, PR"
"Morganton, NC",UNC Health Blue Ridge Program,"https://freida.ama-assn.org/program/Morganton, NC"
"Baltimore, MD",University of Maryland Medical Center Midtown Campus Program,"https://freida.ama-assn.org/program/Baltimore, MD"
"Sioux Falls, SD",University of South Dakota Program,"https://freida.ama-assn.org/program/Sioux Falls, SD"
"Big Stone Gap, VA",Wellmont Health System/Norton Community Hospital Program,"https://freida.ama-assn.org/program/Big Stone Gap, VA"
"Sebring, FL",AdventHealth Florida (Sebring) Program,"https://freida.ama-assn.org/program/Sebring, FL"
"Thomasville, GA",Archbold Medical Center Program,"https://freida.ama-assn.org/program/Thomasville, GA"
"Greenville, TX",Arkansas College of Osteopathic Medicine Program,"https://freida.ama-assn.org/program/Greenville, TX"
"Jonesboro, AR",Baptist Memorial Medical Education (Jonesboro) Program,"https://freida.ama-assn.org/program/Jonesboro, AR"
"Camrbidge, MA",Cambridge Health Alliance Program,"https://freida.ama-assn.org/program/Camrbidge, MA"
"Dunn, NC",Campbell University/Harnett Health Program,"https://freida.ama-assn.org/program/Dunn, NC"
"Los Angeles, CA",Charles R Drew University of Medicine and Science College of Medicine Program,"https://freida.ama-assn.org/program/Los Angeles, CA"
"Ventura, CA",Community Memorial Health System Program,"https://freida.ama-assn.org/program/Ventura, CA"
"Upland, PA",Crozer-Chester Medical Center Program,"https://freida.ama-assn.org/program/Upland, PA"
"Commerce Township, MI",Detroit Medical Center (Huron Valley-Sinai) Program,"https://freida.ama-assn.org/program/Commerce Township, MI"
"Fort Gordon, GA",Dwight David Eisenhower Army Medical Center Program,"https://freida.ama-assn.org/program/Fort Gordon, GA"
"La Crosse, WI",Gundersen Lutheran Medical Foundation Program,"https://freida.ama-assn.org/program/La Crosse, WI"
"Jackson, MI",Henry Ford Health/Henry Ford Jackson Hospital Program,"https://freida.ama-assn.org/program/Jackson, MI"
"Houma, LA",Leonard J Chabert Medical Center Program,"https://freida.ama-assn.org/program/Houma, LA"
"Pontiac, MI",McLaren Health Care/Oakland/MSU Program,"https://freida.ama-assn.org/program/Pontiac, MI"
"Florence, SC",Medical University of South Carolina Regional Network (Florence) Program,"https://freida.ama-assn.org/program/Florence, SC"
"Lancaster, SC",Medical University of South Carolina Regional Network (Lancaster) Program,"https://freida.ama-assn.org/program/Lancaster, SC"
"Gulfport, MS",Memorial Hospital at Gulfport Program,"https://freida.ama-assn.org/program/Gulfport, MS"
"Cincinnati, OH",Mercy Health - Anderson Hospital Program,"https://freida.ama-assn.org/program/Cincinnati, OH"
"Framingham, MA",MetroWest Medical Center Program,"https://freida.ama-assn.org/program/Framingham, MA"
"Hammond, LA","North Oaks Medical Center, LLC Program","https://freida.ama-assn.org/program/Hammond, LA"
"Columbus, OH",OhioHealth/Doctors Hospital Program,"https://freida.ama-assn.org/program/Columbus, OH"
"Hillsboro, OR",Oregon Health & Science University (OHSU Health)/Hillsboro Medical Center Program,"https://freida.ama-assn.org/program/Hillsboro, OR"
"Redding, CA",Prime West Consortium Program,"https://freida.ama-assn.org/program/Redding, CA"
"Mount Vernon, WA",Skagit Regional Health Program,"https://freida.ama-assn.org/program/Mount Vernon, WA"
"Valdosta, GA",South Georgia Medical Center Program,"https://freida.ama-assn.org/program/Valdosta, GA"
"Jonesboro, AR",St Bernards Medical Center Program,"https://freida.ama-assn.org/program/Jonesboro, AR"
"Pittsburgh, PA",St. Clair Health Graduate Medical Education Program,"https://freida.ama-assn.org/program/Pittsburgh, PA"
"Stamford, CT",Stamford Hospital/Columbia University College of Physicians and Surgeons Program,"https://freida.ama-assn.org/program/Stamford, CT"
"Laredo, TX",Texas Institute for Graduate Medical Education and Research (TIGMER) Laredo Program,"https://freida.ama-assn.org/program/Laredo, TX"
"Parma, OH",University Hospitals Community Consortium (Parma) Program,"https://freida.ama-assn.org/program/Parma, OH"
"Westlake, OH",University Hospitals Community Consortium (Westlake) Program,"https://freida.ama-assn.org/program/Westlake, OH"
"Fayetteville, AR",University of Arkansas for Medical Sciences Regional Centers Program,"https://freida.ama-assn.org/program/Fayetteville, AR"
"Fargo, ND",University of North Dakota Program,"https://freida.ama-assn.org/program/Fargo, ND"
"Chillicothe, OH",Adena Regional Medical Center Program,"https://freida.ama-assn.org/program/Chillicothe, OH"
"Ponce, PR",Damas Hospital Program,"https://freida.ama-assn.org/program/Ponce, PR"
"Blacksburg, VA",HCA Healthcare LewisGale Hospital-Montgomery/VCOM Program,"https://freida.ama-assn.org/program/Blacksburg, VA"
"San German, PR",Hospital de la Concepcion Program,"https://freida.ama-assn.org/program/San German, PR"
"Statesville, NC",Iredell Health System Program,"https://freida.ama-assn.org/program/Statesville, NC"
"Somerset, KY",Lake Cumberland Regional Hospital Program,"https://freida.ama-assn.org/program/Somerset, KY"
"Hialeah, FL",Larkin Community Hospital Palm Springs Campus Program,"https://freida.ama-assn.org/program/Hialeah, FL"
"Anaheim, CA",Prime West Consortium/West Anaheim Medical Center Program,"https://freida.ama-assn.org/program/Anaheim, CA"
"Southampton, NY",Stony Brook Medicine/Southampton Hospital Program,"https://freida.ama-assn.org/program/Southampton, NY"
"Grand Rapids, MI",Trinity Health Grand Rapids Program,"https://freida.ama-assn.org/program/Grand Rapids, MI"
"Muskegon, MI",Trinity Health Muskegon Program,"https://freida.ama-assn.org/program/Muskegon, MI"
"Chardon, OH",University Hospitals Community Consortium Program,"https://freida.ama-assn.org/program/Chardon, OH"
"Bowling Green, KY",University of Kentucky College of Medicine (Bowling Green) Program,"https://freida.ama-assn.org/program/Bowling Green, KY"
"Columbus, MS",Baptist Memorial Medical Education (Columbus) Program,"https://freida.ama-assn.org/program/Columbus, MS"
"Round Rock, TX",Baylor Scott and White Medical Center-Round Rock Program,"https://freida.ama-assn.org/program/Round Rock, TX"
"Long Beach, CA",College Medical Center Program,"https://freida.ama-assn.org/program/Long Beach, CA"
"Palm Springs, CA",Desert Regional Medical Center Program,"https://freida.ama-assn.org/program/Palm Springs, CA"
"St Petersburg, FL",HCA Florida Healthcare/USF Morsani College of Medicine GME - Tampa South Program,"https://freida.ama-assn.org/program/St Petersburg, FL"
"Corpus Christi, TX",HCA Healthcare Corpus Christi Medical Center-Bay Area Program,"https://freida.ama-assn.org/program/Corpus Christi, TX"
"Poplar Bluff, MO",Health Education Services/Poplar Bluff Regional Medical Center Program,"https://freida.ama-assn.org/program/Poplar Bluff, MO"
"Miami, FL",Herbert Wertheim College of Medicine Florida International University Program,"https://freida.ama-assn.org/program/Miami, FL"
"The Woodlands, TX",Houston Methodist (The Woodlands) Program,"https://freida.ama-assn.org/program/The Woodlands, TX"
"Abingdon, VA",Johnston Memorial Hospital Program,"https://freida.ama-assn.org/program/Abingdon, VA"
"Gaithersburg, MD",Kaiser Permanente Mid-Atlantic States Program,"https://freida.ama-assn.org/program/Gaithersburg, MD"
"Dayton, OH",Kettering Health Network/Grandview Medical Center Program,"https://freida.ama-assn.org/program/Dayton, OH"
"Murrieta, CA",Loma Linda University Medical Center-Murrieta Program,"https://freida.ama-assn.org/program/Murrieta, CA"
"Bay City, MI",McLaren Health Care Corporation Program,"https://freida.ama-assn.org/program/Bay City, MI"
"Port Huron, MI",McLaren Health Care Corporation Program,"https://freida.ama-assn.org/program/Port Huron, MI"
"Mason City, IA",MercyOne North Iowa Medical Center Program,"https://freida.ama-assn.org/program/Mason City, IA"
"Binghamton, NY",Our Lady of Lourdes Memorial Hospital Inc Program,"https://freida.ama-assn.org/program/Binghamton, NY"
"San Diego, CA",San Ysidro Health Program,"https://freida.ama-assn.org/program/San Diego, CA"
"Tucson, AZ",TMC Health Medical Education Program Inc (THMEP) Program,"https://freida.ama-assn.org/program/Tucson, AZ"
"Wyoming, MI",University of Michigan Health-West Program,"https://freida.ama-assn.org/program/Wyoming, MI"
"Martinsburg, WV",West Virginia University School of Medicine Program,"https://freida.ama-assn.org/program/Martinsburg, WV"
"Parkersburg, WV",West Virginia University School of Medicine/Camden-Clark Program,"https://freida.ama-assn.org/program/Parkersburg, WV"
"Bay Shore, NY",Zucker School of Medicine at Hofstra/Northwell at South Shore University Hospital Program,"https://freida.ama-assn.org/program/Bay Shore, NY"
"Conway, AR",Conway Regional Health System Program,"https://freida.ama-assn.org/program/Conway, AR"
"Trenton, MI",Corewell Health (Trenton) Program,"https://freida.ama-assn.org/program/Trenton, MI"
"Detroit, MI",Detroit Wayne County Health Authority (Authority Health) GME Consortium Program,"https://freida.ama-assn.org/program/Detroit, MI"
"East Liverpool, OH",East Liverpool City Hospital Program,"https://freida.ama-assn.org/program/East Liverpool, OH"
"Honolulu, HI",Kaiser Permanente Hawaii Program,"https://freida.ama-assn.org/program/Honolulu, HI"
"Joplin, MO",Kansas City University GME Consortium (KCU-GME Consortium)/Freeman Program,"https://freida.ama-assn.org/program/Joplin, MO"
"Los Angeles, CA",Martin Luther King Jr Community Hospital Program,"https://freida.ama-assn.org/program/Los Angeles, CA"
"Sierra Vista, AZ",Midwestern University GME Consortium/Canyon Vista Program,"https://freida.ama-assn.org/program/Sierra Vista, AZ"
"Mesa, AZ",Midwestern University GME Consortium/Mountain Vista Program,"https://freida.ama-assn.org/program/Mesa, AZ"
"Cottonwood, AZ",Midwestern University GME Consortium/Verde Valley Program,"https://freida.ama-assn.org/program/Cottonwood, AZ"
"Daly City, CA",North East Medical Services Program,"https://freida.ama-assn.org/program/Daly City, CA"
"Stillwater, OK",Oklahoma State University Center for Health Sciences (Stillwater) Program,"https://freida.ama-assn.org/program/Stillwater, OK"
"Tahlequah, OK",Osteopathic Medical Education Consortium of Oklahoma Inc (OMECO) Program,"https://freida.ama-assn.org/program/Tahlequah, OK"
"Kankakee, IL",Riverside Medical Center Program,"https://freida.ama-assn.org/program/Kankakee, IL"
"Watertown, NY",Samaritan Medical Center Program,"https://freida.ama-assn.org/program/Watertown, NY"
"East Norriton, PA",Suburban Community Hospital Program,"https://freida.ama-assn.org/program/East Norriton, PA"
"Kennewick, WA",Trios Health Program,"https://freida.ama-assn.org/program/Kennewick, WA"
"Raleigh, NC",WakeMed Health and Hospitals Program,"https://freida.ama-assn.org/program/Raleigh, NC"
"Cuyahoga Falls, OH",Western Reserve Hospital Program,"https://freida.ama-assn.org/program/Cuyahoga Falls, OH"
"Bakersfield, CA",Adventist Health Central California Network (Bakersfield) Program,"https://freida.ama-assn.org/program/Bakersfield, CA"
"Tulare, CA",Adventist Health Central California Network (Tulare) Program,"https://freida.ama-assn.org/program/Tulare, CA"
"Warrensville Heights, OH",Cleveland Clinic Foundation/South Pointe Hospital Program,"https://freida.ama-assn.org/program/Warrensville Heights, OH"
"Lancaster, OH",Fairfield Medical Center Program,"https://freida.ama-assn.org/program/Lancaster, OH"
"Huntington, WV",Marshall Community Health Consortium Program,"https://freida.ama-assn.org/program/Huntington, WV"
"Kirksville, MO",Still OPTI Program,"https://freida.ama-assn.org/program/Kirksville, MO"
"Pensacola, FL",University of Florida College of Medicine Program,"https://freida.ama-assn.org/program/Pensacola, FL"
"Honolulu, HI",University of Hawaii John A Burns School of Medicine Program,"https://freida.ama-assn.org/program/Honolulu, HI"
"Lititz, PA",UPMC Medical Education/Lititz Program,"https://freida.ama-assn.org/program/Lititz, PA"
"Fort Liberty, NC",Womack Army Medical Center Program,"https://freida.ama-assn.org/program/Fort Liberty, NC"
"Soldotna, AK",University of Washington School of Medicine (Soldotna) Program,"https://freida.ama-assn.org/program/Soldotna, AK"
"Milwaukee, WI",Ascension St Vincent Hospital Indianapolis Program,"https://freida.ama-assn.org/program/Milwaukee, WI"
"Riverview, FL",BayCare Health System (St. Joseph's Hospital-South) Program,"https://freida.ama-assn.org/program/Riverview, FL"
"St Petersburg, FL",BayCare Health System/St. Anthony's Hospital Program,"https://freida.ama-assn.org/program/St Petersburg, FL"
"New York, NY",Callen-Lorde Community Health Center Program,"https://freida.ama-assn.org/program/New York, NY"
"Cayey, PR",Centro Medico Menonita Cayey Program,"https://freida.ama-assn.org/program/Cayey, PR"
"Brunswick, GA","Doutheast Georgia Health System, Inc. Program","https://freida.ama-assn.org/program/Brunswick, GA"
"Hannibal, MO","Hannibal Regional Healthcare System, Inc. Program","https://freida.ama-assn.org/program/Hannibal, MO"
"Independence, MO",HCA Healthcare Kansas City Program,"https://freida.ama-assn.org/program/Independence, MO"
"Upland, CA",Opti West - San Antonio Regional Hospital Program,"https://freida.ama-assn.org/program/Upland, CA"
"Laurel, MS",South Central Regional Medical Center Program,"https://freida.ama-assn.org/program/Laurel, MS"
"Carmichael, CA",St Joseph's Medical Center Program (Mercy San Juan Medical Center),"https://freida.ama-assn.org/program/Carmichael, CA"
"Easton, PA",St Luke's University Hospital/Easton Hospital Program,"https://freida.ama-assn.org/program/Easton, PA"
"Las Cruces, NM",Three Crosses Regional Hospital Program,"https://freida.ama-assn.org/program/Las Cruces, NM"
"Arecibo, PR",Universidad Central Del Caribe School of Medicine (Cayetano Coll & Toste Hospital) Program,"https://freida.ama-assn.org/program/Arecibo, PR"
"Ashland, KY",University of Kentucky College of Medicine (Ashland) Program,"https://freida.ama-assn.org/program/Ashland, KY"
"Pikeville, KY",University of Kentucky College of Medicine (Pikeville) Program,"https://freida.ama-assn.org/program/Pikeville, KY"
"McAllen, TX",University of Texas RGV (HCA) Program,"https://freida.ama-assn.org/program/McAllen, TX"
"Evansville, IN",Ascension St. Vincent Hospital Indianapolis (Southern Region) Program,"https://freida.ama-assn.org/program/Evansville, IN"
"Bayonne, NJ",CarePoint Health/Bayonne Medical Center Program,"https://freida.ama-assn.org/program/Bayonne, NJ"
"Corry, PA",Corry Program,"https://freida.ama-assn.org/program/Corry, PA"
"Portsmouth, NH",HCA Healthcare/Tufts University School of Medicine: Portsmouth Regional Hospital Program,"https://freida.ama-assn.org/program/Portsmouth, NH"
"Florence, SC",McLeod Regional Medical Center Program,"https://freida.ama-assn.org/program/Florence, SC"
"Memphis, TN",Methodist Le Bonheur Healthcare Program,"https://freida.ama-assn.org/program/Memphis, TN"
"Bethesda, MD",National Capital Consortium Program,"https://freida.ama-assn.org/program/Bethesda, MD"
"Portsmouth, VA",Naval Medical Center (Portsmouth) Program,"https://freida.ama-assn.org/program/Portsmouth, VA"
"San Diego, CA",Naval Medical Center (San Diego) Program,"https://freida.ama-assn.org/program/San Diego, CA"
"Meadowbrook, PA",Philadelphia College of Osteopathic Medicine/Redeemer Health System Program,"https://freida.ama-assn.org/program/Meadowbrook, PA"
"Lynwood, CA",Prime West Consortium/St. Francis Medical Center Program,"https://freida.ama-assn.org/program/Lynwood, CA"
"JBSA Ft Sam Houston, TX",San Antonio Uniformed Services Health Education Consortium Program,"https://freida.ama-assn.org/program/JBSA Ft Sam Houston, TX"
"Stanford, CA",Stanford Health Care-Sponsored Stanford University Program,"https://freida.ama-assn.org/program/Stanford, CA"
"Dorchester, MA",Steward Carney Hospital Program,"https://freida.ama-assn.org/program/Dorchester, MA"
"Bristol, PA",Suburban Community Hospital (Lower Bucks Hospital) Program,"https://freida.ama-assn.org/program/Bristol, PA"
"Olathe, KS",University of Kansas School of Medicine (Olathe) Program,"https://freida.ama-assn.org/program/Olathe, KS"
"Oak Park, IL",West Suburban Medical Center Program,"https://freida.ama-assn.org/program/Oak Park, IL"
